<?xml version="1.0" encoding="UTF-8"?>
<project-private xmlns="http://www.netbeans.org/ns/project-private/1">
    <editor-bookmarks xmlns="http://www.netbeans.org/ns/editor-bookmarks/2" lastBookmarkId="0"/>
    <open-files xmlns="http://www.netbeans.org/ns/projectui-open-files/2">
        <group>
            <file>file:/C:/Users/hicla/OneDrive/Desktop/TenisClubDataGenerator%20(1)/TenisClubDataGenerator/TenisClubDataGenerator/src/controller/ReserveCourt_V3Controller.java</file>
            <file>file:/C:/Users/hicla/OneDrive/Desktop/TenisClubDataGenerator%20(1)/TenisClubDataGenerator/TenisClubDataGenerator/src/controller/HomeScreenController.java</file>
            <file>file:/C:/Users/hicla/OneDrive/Desktop/TenisClubDataGenerator%20(1)/TenisClubDataGenerator/TenisClubDataGenerator/src/controller/MyReservationController.java</file>
        </group>
    </open-files>
</project-private>
