<?xml version="1.0" encoding="UTF-8"?>
<project-private xmlns="http://www.netbeans.org/ns/project-private/1">
    <editor-bookmarks xmlns="http://www.netbeans.org/ns/editor-bookmarks/2" lastBookmarkId="0"/>
    <open-files xmlns="http://www.netbeans.org/ns/projectui-open-files/2">
        <group>
            <file>file:/C:/Users/aless/OneDrive/Bureaublad/TennisApplication-main_V2/TennisApplication-main/IPC_FXMLCore-master/src/controller/HomeScreenController.java</file>
            <file>file:/C:/Users/aless/OneDrive/Bureaublad/TennisApplication-main_V2/TennisApplication-main/IPC_FXMLCore-master/src/javafxmlapplication/JavaFXMLApplication.java</file>
            <file>file:/C:/Users/aless/OneDrive/Bureaublad/TennisApplication-main_V2/TennisApplication-main/IPC_FXMLCore-master/src/controller/ReserveCourt_V3Controller.java</file>
            <file>file:/C:/Users/aless/OneDrive/Bureaublad/TennisApplication-main_V2/TennisApplication-main/IPC_FXMLCore-master/src/controller/LoginController.java</file>
            <file>file:/C:/Users/aless/OneDrive/Bureaublad/TennisApplication-main_V2/TennisApplication-main/IPC_FXMLCore-master/src/controller/SignUpController.java</file>
            <file>file:/C:/Users/aless/OneDrive/Bureaublad/TennisApplication-main_V2/TennisApplication-main/IPC_FXMLCore-master/src/controller/MyReservationsController.java</file>
        </group>
    </open-files>
</project-private>
